<ImportExportXml xmlns:xsi="http://www.w3.org/2001/XMLSchema-instance">
  <Entities></Entities>
  <Roles></Roles>
  <Workflows>
    <Workflow WorkflowId="{580f1d04-f86f-ed11-81ac-000d3a888295}" Name="ConsultaImportesMaximos">
      <JsonFileName>/Workflows/ConsultaImportesMaximos-580F1D04-F86F-ED11-81AC-000D3A888295.json</JsonFileName>
      <Type>1</Type>
      <Subprocess>0</Subprocess>
      <Category>5</Category>
      <Mode>0</Mode>
      <Scope>4</Scope>
      <OnDemand>0</OnDemand>
      <TriggerOnCreate>0</TriggerOnCreate>
      <TriggerOnDelete>0</TriggerOnDelete>
      <AsyncAutodelete>0</AsyncAutodelete>
      <SyncWorkflowLogOnFailure>0</SyncWorkflowLogOnFailure>
      <StateCode>1</StateCode>
      <StatusCode>2</StatusCode>
      <RunAs>1</RunAs>
      <IsTransacted>1</IsTransacted>
      <IntroducedVersion>1.0.0.0</IntroducedVersion>
      <IsCustomizable>1</IsCustomizable>
      <BusinessProcessType>0</BusinessProcessType>
      <IsCustomProcessingStepAllowedForOtherPublishers>1</IsCustomProcessingStepAllowedForOtherPublishers>
      <PrimaryEntity>none</PrimaryEntity>
      <LocalizedNames>
        <LocalizedName languagecode="3082" description="ConsultaImportesMaximos" />
      </LocalizedNames>
    </Workflow>
    <Workflow WorkflowId="{a2017931-fd6f-ed11-81ac-000d3a888295}" Name="ConsultarImportesMaximos">
      <JsonFileName>/Workflows/ConsultarImportesMaximos-A2017931-FD6F-ED11-81AC-000D3A888295.json</JsonFileName>
      <Type>1</Type>
      <Subprocess>0</Subprocess>
      <Category>5</Category>
      <Mode>0</Mode>
      <Scope>4</Scope>
      <OnDemand>0</OnDemand>
      <TriggerOnCreate>0</TriggerOnCreate>
      <TriggerOnDelete>0</TriggerOnDelete>
      <AsyncAutodelete>0</AsyncAutodelete>
      <SyncWorkflowLogOnFailure>0</SyncWorkflowLogOnFailure>
      <StateCode>1</StateCode>
      <StatusCode>2</StatusCode>
      <RunAs>1</RunAs>
      <IsTransacted>1</IsTransacted>
      <IntroducedVersion>1.0.0.0</IntroducedVersion>
      <IsCustomizable>1</IsCustomizable>
      <BusinessProcessType>0</BusinessProcessType>
      <IsCustomProcessingStepAllowedForOtherPublishers>1</IsCustomProcessingStepAllowedForOtherPublishers>
      <PrimaryEntity>none</PrimaryEntity>
      <LocalizedNames>
        <LocalizedName languagecode="3082" description="ConsultarImportesMaximos" />
      </LocalizedNames>
    </Workflow>
    <Workflow WorkflowId="{b451c1fc-4f70-ed11-81ac-000d3a888295}" Name="Enviar correo al supervisor">
      <JsonFileName>/Workflows/Enviarcorreoalsupervisor-B451C1FC-4F70-ED11-81AC-000D3A888295.json</JsonFileName>
      <Type>1</Type>
      <Subprocess>0</Subprocess>
      <Category>5</Category>
      <Mode>0</Mode>
      <Scope>4</Scope>
      <OnDemand>0</OnDemand>
      <TriggerOnCreate>0</TriggerOnCreate>
      <TriggerOnDelete>0</TriggerOnDelete>
      <AsyncAutodelete>0</AsyncAutodelete>
      <SyncWorkflowLogOnFailure>0</SyncWorkflowLogOnFailure>
      <StateCode>1</StateCode>
      <StatusCode>2</StatusCode>
      <RunAs>1</RunAs>
      <IsTransacted>1</IsTransacted>
      <IntroducedVersion>1.0.0.0</IntroducedVersion>
      <IsCustomizable>1</IsCustomizable>
      <BusinessProcessType>0</BusinessProcessType>
      <IsCustomProcessingStepAllowedForOtherPublishers>1</IsCustomProcessingStepAllowedForOtherPublishers>
      <PrimaryEntity>none</PrimaryEntity>
      <LocalizedNames>
        <LocalizedName languagecode="3082" description="Enviar correo al supervisor" />
      </LocalizedNames>
    </Workflow>
    <Workflow WorkflowId="{9da2b503-5270-ed11-81ac-000d3a888295}" Name="Enviar correo de rechazo">
      <JsonFileName>/Workflows/Enviarcorreoderechazo-9DA2B503-5270-ED11-81AC-000D3A888295.json</JsonFileName>
      <Type>1</Type>
      <Subprocess>0</Subprocess>
      <Category>5</Category>
      <Mode>0</Mode>
      <Scope>4</Scope>
      <OnDemand>0</OnDemand>
      <TriggerOnCreate>0</TriggerOnCreate>
      <TriggerOnDelete>0</TriggerOnDelete>
      <AsyncAutodelete>0</AsyncAutodelete>
      <SyncWorkflowLogOnFailure>0</SyncWorkflowLogOnFailure>
      <StateCode>1</StateCode>
      <StatusCode>2</StatusCode>
      <RunAs>1</RunAs>
      <IsTransacted>1</IsTransacted>
      <IntroducedVersion>1.0.0.0</IntroducedVersion>
      <IsCustomizable>1</IsCustomizable>
      <BusinessProcessType>0</BusinessProcessType>
      <IsCustomProcessingStepAllowedForOtherPublishers>1</IsCustomProcessingStepAllowedForOtherPublishers>
      <PrimaryEntity>none</PrimaryEntity>
      <LocalizedNames>
        <LocalizedName languagecode="3082" description="Enviar correo de rechazo" />
      </LocalizedNames>
    </Workflow>
  </Workflows>
  <FieldSecurityProfiles></FieldSecurityProfiles>
  <Templates />
  <EntityMaps />
  <EntityRelationships />
  <OrganizationSettings />
  <optionsets />
  <CustomControls />
  <EntityDataProviders />
  <CanvasApps>
    <CanvasApp>
      <Name>new_apprendicionesejemplo_3f1fd</Name>
      <AppVersion>2022-11-30T14:46:11Z</AppVersion>
      <Status>Ready</Status>
      <CreatedByClientVersion>3.22111.19.0</CreatedByClientVersion>
      <MinClientVersion>3.22111.19.0</MinClientVersion>
      <Tags>{"primaryDeviceWidth":"640","primaryDeviceHeight":"1136","supportsPortrait":"true","supportsLandscape":"true","primaryFormFactor":"Phone","publisherVersion":"3.22111.19","minimumRequiredApiVersion":"2.2.0","hasComponent":"false","hasUnlockedComponent":"false","isUnifiedRootApp":"false","sienaVersion":"20221130T035553Z-3.22111.19.0"}</Tags>
      <IsCdsUpgraded>0</IsCdsUpgraded>
      <GalleryItemId xsi:nil="true"></GalleryItemId>
      <BackgroundColor>RGBA(0,176,240,1)</BackgroundColor>
      <DisplayName>App Rendiciones ejemplo</DisplayName>
      <Description xsi:nil="true"></Description>
      <CommitMessage xsi:nil="true"></CommitMessage>
      <Publisher xsi:nil="true"></Publisher>
      <AuthorizationReferences>[]</AuthorizationReferences>
      <ConnectionReferences>{"c1ac89ad-a008-40d0-87ca-63ca073cbda7":{"id":"/providers/microsoft.powerapps/apis/shared_logicflows","displayName":"Flujos lógicos","iconUri":"https://connectoricons-prod.azureedge.net/releases/v1.0.1534/1.0.1534.2605/logicflows/icon.png","dataSources":["ConsultarImportesMaximos"],"dependencies":[],"dependents":[],"parameterHints":{"workflowName":{"value":"5889b025-ba8f-4350-97ba-435f233b8cbf"},"workflowEntityId":{"value":"a2017931-fd6f-ed11-81ac-000d3a888295"}},"parameterHintsV2":{"workflowName":{"value":"5889b025-ba8f-4350-97ba-435f233b8cbf"},"workflowEntityId":{"value":"a2017931-fd6f-ed11-81ac-000d3a888295"}},"isOnPremiseConnection":false,"bypassConsent":false,"dataSets":{},"apiTier":"Standard","actions":["Run"]},"1f540811-f6e8-4168-9367-d404078f8e2f":{"id":"/providers/microsoft.powerapps/apis/shared_logicflows","displayName":"Flujos lógicos","iconUri":"https://connectoricons-prod.azureedge.net/releases/v1.0.1534/1.0.1534.2605/logicflows/icon.png","dataSources":["Enviarcorreoalsupervisor"],"dependencies":["95f4ccba-1b06-4879-9b00-f5d236e7b20e"],"dependents":[],"parameterHints":{"workflowName":{"value":"31184968-fded-467c-84ab-1a28d1525647"},"workflowEntityId":{"value":"b451c1fc-4f70-ed11-81ac-000d3a888295"},"95f4ccba-1b06-4879-9b00-f5d236e7b20e":{"value":"shared_gmail"}},"parameterHintsV2":{"workflowName":{"value":"31184968-fded-467c-84ab-1a28d1525647"},"workflowEntityId":{"value":"b451c1fc-4f70-ed11-81ac-000d3a888295"},"shared_gmail":{"value":"95f4ccba-1b06-4879-9b00-f5d236e7b20e"}},"isOnPremiseConnection":false,"bypassConsent":false,"dataSets":{},"apiTier":"Standard"},"95f4ccba-1b06-4879-9b00-f5d236e7b20e":{"id":"/providers/microsoft.powerapps/apis/shared_gmail","displayName":"Gmail","iconUri":"https://connectoricons-prod.azureedge.net/releases/v1.0.1590/1.0.1590.2954/gmail/icon.png","dataSources":[],"dependencies":[],"dependents":["1f540811-f6e8-4168-9367-d404078f8e2f","0611fcb6-aee3-4316-ab61-094808411a20"],"parameterHints":{},"parameterHintsV2":{},"isOnPremiseConnection":false,"bypassConsent":false,"dataSets":{},"apiTier":"Standard","authenticationType":"shared-application"},"0611fcb6-aee3-4316-ab61-094808411a20":{"id":"/providers/microsoft.powerapps/apis/shared_logicflows","displayName":"Flujos lógicos","iconUri":"https://connectoricons-prod.azureedge.net/releases/v1.0.1534/1.0.1534.2605/logicflows/icon.png","dataSources":["Enviarcorreoderechazo"],"dependencies":["95f4ccba-1b06-4879-9b00-f5d236e7b20e"],"dependents":[],"parameterHints":{"workflowName":{"value":"40bce1b9-5c85-4046-978d-bd4c7eaa6235"},"workflowEntityId":{"value":"9da2b503-5270-ed11-81ac-000d3a888295"},"95f4ccba-1b06-4879-9b00-f5d236e7b20e":{"value":"shared_gmail"}},"parameterHintsV2":{"workflowName":{"value":"40bce1b9-5c85-4046-978d-bd4c7eaa6235"},"workflowEntityId":{"value":"9da2b503-5270-ed11-81ac-000d3a888295"},"shared_gmail":{"value":"95f4ccba-1b06-4879-9b00-f5d236e7b20e"}},"isOnPremiseConnection":false,"bypassConsent":false,"dataSets":{},"apiTier":"Standard","actions":["Run"]}}</ConnectionReferences>
      <DatabaseReferences>{}</DatabaseReferences>
      <AppComponents>[]</AppComponents>
      <AppComponentDependencies>[]</AppComponentDependencies>
      <CanConsumeAppPass>1</CanConsumeAppPass>
      <CanvasAppType>0</CanvasAppType>
      <BypassConsent>0</BypassConsent>
      <AdminControlBypassConsent>0</AdminControlBypassConsent>
      <EmbeddedApp xsi:nil="true"></EmbeddedApp>
      <IntroducedVersion>1.0</IntroducedVersion>
      <CdsDependencies>{"cdsdependencies":[]}</CdsDependencies>
      <IsCustomizable>1</IsCustomizable>
      <BackgroundImageUri>/CanvasApps/new_apprendicionesejemplo_3f1fd_BackgroundImageUri</BackgroundImageUri>
      <DocumentUri>/CanvasApps/new_apprendicionesejemplo_3f1fd_DocumentUri.msapp</DocumentUri>
    </CanvasApp>
  </CanvasApps>
  <connectionreferences>
    <connectionreference connectionreferencelogicalname="new_sharedgmail_4663e">
      <connectionreferencedisplayname>Gmail DulcorTutoriaPowerApp-4663e</connectionreferencedisplayname>
      <connectorid>/providers/Microsoft.PowerApps/apis/shared_gmail</connectorid>
      <iscustomizable>1</iscustomizable>
      <statecode>0</statecode>
      <statuscode>1</statuscode>
    </connectionreference>
  </connectionreferences>
  <Languages>
    <Language>3082</Language>
  </Languages>
</ImportExportXml>